kod_obce,volici_v_seznamu,platne_hlasy,nazev_obce,vydane_obalky,kandidujici_strany
562343,333,232,Arnoltice,233,"['Občanská demokratická strana', 'Řád národa - Vlastenecká unie', 'CESTA ODPOVĚDNÉ SPOLEČNOSTI', 'Česká str.sociálně demokrat.', 'STAROSTOVÉ A NEZÁVISLÍ', 'Komunistická str.Čech a Moravy', 'Strana zelených', 'ROZUMNÍ-stop migraci,diktát.EU', 'Strana svobodných občanů', 'Blok proti islam.-Obran.domova', 'Občanská demokratická aliance', 'Česká pirátská strana', 'Referendum o Evropské unii', 'TOP 09', 'ANO 2011', 'Dobrá volba 2016', 'SPR-Republ.str.Čsl. M.Sládka', 'Křesť.demokr.unie-Čs.str.lid.', 'Česká strana národně sociální', 'REALISTÉ', 'SPORTOVCI', 'Dělnic.str.sociální spravedl.', 'Svob.a př.dem.-T.Okamura (SPD)', 'Strana Práv Občanů']"
562351,2993,1618,Benešov nad Ploučnicí,1625,"['Občanská demokratická strana', 'Řád národa - Vlastenecká unie', 'CESTA ODPOVĚDNÉ SPOLEČNOSTI', 'Česká str.sociálně demokrat.', 'STAROSTOVÉ A NEZÁVISLÍ', 'Komunistická str.Čech a Moravy', 'Strana zelených', 'ROZUMNÍ-stop migraci,diktát.EU', 'Strana svobodných občanů', 'Blok proti islam.-Obran.domova', 'Občanská demokratická aliance', 'Česká pirátská strana', 'Referendum o Evropské unii', 'TOP 09', 'ANO 2011', 'Dobrá volba 2016', 'SPR-Republ.str.Čsl. M.Sládka', 'Křesť.demokr.unie-Čs.str.lid.', 'Česká strana národně sociální', 'REALISTÉ', 'SPORTOVCI', 'Dělnic.str.sociální spravedl.', 'Svob.a př.dem.-T.Okamura (SPD)', 'Strana Práv Občanů']"
544647,256,162,Bynovec,163,"['Občanská demokratická strana', 'Řád národa - Vlastenecká unie', 'CESTA ODPOVĚDNÉ SPOLEČNOSTI', 'Česká str.sociálně demokrat.', 'STAROSTOVÉ A NEZÁVISLÍ', 'Komunistická str.Čech a Moravy', 'Strana zelených', 'ROZUMNÍ-stop migraci,diktát.EU', 'Strana svobodných občanů', 'Blok proti islam.-Obran.domova', 'Občanská demokratická aliance', 'Česká pirátská strana', 'Referendum o Evropské unii', 'TOP 09', 'ANO 2011', 'Dobrá volba 2016', 'SPR-Republ.str.Čsl. M.Sládka', 'Křesť.demokr.unie-Čs.str.lid.', 'Česká strana národně sociální', 'REALISTÉ', 'SPORTOVCI', 'Dělnic.str.sociální spravedl.', 'Svob.a př.dem.-T.Okamura (SPD)', 'Strana Práv Občanů']"
562394,4225,2321,Česká Kamenice,2332,"['Občanská demokratická strana', 'Řád národa - Vlastenecká unie', 'CESTA ODPOVĚDNÉ SPOLEČNOSTI', 'Česká str.sociálně demokrat.', 'STAROSTOVÉ A NEZÁVISLÍ', 'Komunistická str.Čech a Moravy', 'Strana zelených', 'ROZUMNÍ-stop migraci,diktát.EU', 'Strana svobodných občanů', 'Blok proti islam.-Obran.domova', 'Občanská demokratická aliance', 'Česká pirátská strana', 'Referendum o Evropské unii', 'TOP 09', 'ANO 2011', 'Dobrá volba 2016', 'SPR-Republ.str.Čsl. M.Sládka', 'Křesť.demokr.unie-Čs.str.lid.', 'Česká strana národně sociální', 'REALISTÉ', 'SPORTOVCI', 'Dělnic.str.sociální spravedl.', 'Svob.a př.dem.-T.Okamura (SPD)', 'Strana Práv Občanů']"
562335,39425,20773,Děčín,20914,"['Občanská demokratická strana', 'Řád národa - Vlastenecká unie', 'CESTA ODPOVĚDNÉ SPOLEČNOSTI', 'Česká str.sociálně demokrat.', 'STAROSTOVÉ A NEZÁVISLÍ', 'Komunistická str.Čech a Moravy', 'Strana zelených', 'ROZUMNÍ-stop migraci,diktát.EU', 'Strana svobodných občanů', 'Blok proti islam.-Obran.domova', 'Občanská demokratická aliance', 'Česká pirátská strana', 'Referendum o Evropské unii', 'TOP 09', 'ANO 2011', 'Dobrá volba 2016', 'SPR-Republ.str.Čsl. M.Sládka', 'Křesť.demokr.unie-Čs.str.lid.', 'Česká strana národně sociální', 'REALISTÉ', 'SPORTOVCI', 'Dělnic.str.sociální spravedl.', 'Svob.a př.dem.-T.Okamura (SPD)', 'Strana Práv Občanů']"
562408,528,303,Dobkovice,307,"['Občanská demokratická strana', 'Řád národa - Vlastenecká unie', 'CESTA ODPOVĚDNÉ SPOLEČNOSTI', 'Česká str.sociálně demokrat.', 'STAROSTOVÉ A NEZÁVISLÍ', 'Komunistická str.Čech a Moravy', 'Strana zelených', 'ROZUMNÍ-stop migraci,diktát.EU', 'Strana svobodných občanů', 'Blok proti islam.-Obran.domova', 'Občanská demokratická aliance', 'Česká pirátská strana', 'Referendum o Evropské unii', 'TOP 09', 'ANO 2011', 'Dobrá volba 2016', 'SPR-Republ.str.Čsl. M.Sládka', 'Křesť.demokr.unie-Čs.str.lid.', 'Česká strana národně sociální', 'REALISTÉ', 'SPORTOVCI', 'Dělnic.str.sociální spravedl.', 'Svob.a př.dem.-T.Okamura (SPD)', 'Strana Práv Občanů']"
545783,372,213,Dobrná,213,"['Občanská demokratická strana', 'Řád národa - Vlastenecká unie', 'CESTA ODPOVĚDNÉ SPOLEČNOSTI', 'Česká str.sociálně demokrat.', 'STAROSTOVÉ A NEZÁVISLÍ', 'Komunistická str.Čech a Moravy', 'Strana zelených', 'ROZUMNÍ-stop migraci,diktát.EU', 'Strana svobodných občanů', 'Blok proti islam.-Obran.domova', 'Občanská demokratická aliance', 'Česká pirátská strana', 'Referendum o Evropské unii', 'TOP 09', 'ANO 2011', 'Dobrá volba 2016', 'SPR-Republ.str.Čsl. M.Sládka', 'Křesť.demokr.unie-Čs.str.lid.', 'Česká strana národně sociální', 'REALISTÉ', 'SPORTOVCI', 'Dělnic.str.sociální spravedl.', 'Svob.a př.dem.-T.Okamura (SPD)', 'Strana Práv Občanů']"
545856,451,279,Dolní Habartice,280,"['Občanská demokratická strana', 'Řád národa - Vlastenecká unie', 'CESTA ODPOVĚDNÉ SPOLEČNOSTI', 'Česká str.sociálně demokrat.', 'STAROSTOVÉ A NEZÁVISLÍ', 'Komunistická str.Čech a Moravy', 'Strana zelených', 'ROZUMNÍ-stop migraci,diktát.EU', 'Strana svobodných občanů', 'Blok proti islam.-Obran.domova', 'Občanská demokratická aliance', 'Česká pirátská strana', 'Referendum o Evropské unii', 'TOP 09', 'ANO 2011', 'Dobrá volba 2016', 'SPR-Republ.str.Čsl. M.Sládka', 'Křesť.demokr.unie-Čs.str.lid.', 'Česká strana národně sociální', 'REALISTÉ', 'SPORTOVCI', 'Dělnic.str.sociální spravedl.', 'Svob.a př.dem.-T.Okamura (SPD)', 'Strana Práv Občanů']"
562432,949,514,Dolní Podluží,516,"['Občanská demokratická strana', 'Řád národa - Vlastenecká unie', 'CESTA ODPOVĚDNÉ SPOLEČNOSTI', 'Česká str.sociálně demokrat.', 'STAROSTOVÉ A NEZÁVISLÍ', 'Komunistická str.Čech a Moravy', 'Strana zelených', 'ROZUMNÍ-stop migraci,diktát.EU', 'Strana svobodných občanů', 'Blok proti islam.-Obran.domova', 'Občanská demokratická aliance', 'Česká pirátská strana', 'Referendum o Evropské unii', 'TOP 09', 'ANO 2011', 'Dobrá volba 2016', 'SPR-Republ.str.Čsl. M.Sládka', 'Křesť.demokr.unie-Čs.str.lid.', 'Česká strana národně sociální', 'REALISTÉ', 'SPORTOVCI', 'Dělnic.str.sociální spravedl.', 'Svob.a př.dem.-T.Okamura (SPD)', 'Strana Práv Občanů']"
562441,1250,557,Dolní Poustevna,563,"['Občanská demokratická strana', 'Řád národa - Vlastenecká unie', 'CESTA ODPOVĚDNÉ SPOLEČNOSTI', 'Česká str.sociálně demokrat.', 'STAROSTOVÉ A NEZÁVISLÍ', 'Komunistická str.Čech a Moravy', 'Strana zelených', 'ROZUMNÍ-stop migraci,diktát.EU', 'Strana svobodných občanů', 'Blok proti islam.-Obran.domova', 'Občanská demokratická aliance', 'Česká pirátská strana', 'Referendum o Evropské unii', 'TOP 09', 'ANO 2011', 'Dobrá volba 2016', 'SPR-Republ.str.Čsl. M.Sládka', 'Křesť.demokr.unie-Čs.str.lid.', 'Česká strana národně sociální', 'REALISTÉ', 'SPORTOVCI', 'Dělnic.str.sociální spravedl.', 'Svob.a př.dem.-T.Okamura (SPD)', 'Strana Práv Občanů']"
530417,147,117,Doubice,118,"['Občanská demokratická strana', 'Řád národa - Vlastenecká unie', 'CESTA ODPOVĚDNÉ SPOLEČNOSTI', 'Česká str.sociálně demokrat.', 'STAROSTOVÉ A NEZÁVISLÍ', 'Komunistická str.Čech a Moravy', 'Strana zelených', 'ROZUMNÍ-stop migraci,diktát.EU', 'Strana svobodných občanů', 'Blok proti islam.-Obran.domova', 'Občanská demokratická aliance', 'Česká pirátská strana', 'Referendum o Evropské unii', 'TOP 09', 'ANO 2011', 'Dobrá volba 2016', 'SPR-Republ.str.Čsl. M.Sládka', 'Křesť.demokr.unie-Čs.str.lid.', 'Česká strana národně sociální', 'REALISTÉ', 'SPORTOVCI', 'Dělnic.str.sociální spravedl.', 'Svob.a př.dem.-T.Okamura (SPD)', 'Strana Práv Občanů']"
545899,334,184,Františkov nad Ploučnicí,185,"['Občanská demokratická strana', 'Řád národa - Vlastenecká unie', 'CESTA ODPOVĚDNÉ SPOLEČNOSTI', 'Česká str.sociálně demokrat.', 'STAROSTOVÉ A NEZÁVISLÍ', 'Komunistická str.Čech a Moravy', 'Strana zelených', 'ROZUMNÍ-stop migraci,diktát.EU', 'Strana svobodných občanů', 'Blok proti islam.-Obran.domova', 'Občanská demokratická aliance', 'Česká pirátská strana', 'Referendum o Evropské unii', 'TOP 09', 'ANO 2011', 'Dobrá volba 2016', 'SPR-Republ.str.Čsl. M.Sládka', 'Křesť.demokr.unie-Čs.str.lid.', 'Česká strana národně sociální', 'REALISTÉ', 'SPORTOVCI', 'Dělnic.str.sociální spravedl.', 'Svob.a př.dem.-T.Okamura (SPD)', 'Strana Práv Občanů']"
562483,403,222,Heřmanov,223,"['Občanská demokratická strana', 'Řád národa - Vlastenecká unie', 'CESTA ODPOVĚDNÉ SPOLEČNOSTI', 'Česká str.sociálně demokrat.', 'STAROSTOVÉ A NEZÁVISLÍ', 'Komunistická str.Čech a Moravy', 'Strana zelených', 'ROZUMNÍ-stop migraci,diktát.EU', 'Strana svobodných občanů', 'Blok proti islam.-Obran.domova', 'Občanská demokratická aliance', 'Česká pirátská strana', 'Referendum o Evropské unii', 'TOP 09', 'ANO 2011', 'Dobrá volba 2016', 'SPR-Republ.str.Čsl. M.Sládka', 'Křesť.demokr.unie-Čs.str.lid.', 'Česká strana národně sociální', 'REALISTÉ', 'SPORTOVCI', 'Dělnic.str.sociální spravedl.', 'Svob.a př.dem.-T.Okamura (SPD)', 'Strana Práv Občanů']"
545929,335,194,Horní Habartice,196,"['Občanská demokratická strana', 'Řád národa - Vlastenecká unie', 'CESTA ODPOVĚDNÉ SPOLEČNOSTI', 'Česká str.sociálně demokrat.', 'STAROSTOVÉ A NEZÁVISLÍ', 'Komunistická str.Čech a Moravy', 'Strana zelených', 'ROZUMNÍ-stop migraci,diktát.EU', 'Strana svobodných občanů', 'Blok proti islam.-Obran.domova', 'Občanská demokratická aliance', 'Česká pirátská strana', 'Referendum o Evropské unii', 'TOP 09', 'ANO 2011', 'Dobrá volba 2016', 'SPR-Republ.str.Čsl. M.Sládka', 'Křesť.demokr.unie-Čs.str.lid.', 'Česká strana národně sociální', 'REALISTÉ', 'SPORTOVCI', 'Dělnic.str.sociální spravedl.', 'Svob.a př.dem.-T.Okamura (SPD)', 'Strana Práv Občanů']"
562505,627,356,Horní Podluží,359,"['Občanská demokratická strana', 'Řád národa - Vlastenecká unie', 'CESTA ODPOVĚDNÉ SPOLEČNOSTI', 'Česká str.sociálně demokrat.', 'STAROSTOVÉ A NEZÁVISLÍ', 'Komunistická str.Čech a Moravy', 'Strana zelených', 'ROZUMNÍ-stop migraci,diktát.EU', 'Strana svobodných občanů', 'Blok proti islam.-Obran.domova', 'Občanská demokratická aliance', 'Česká pirátská strana', 'Referendum o Evropské unii', 'TOP 09', 'ANO 2011', 'Dobrá volba 2016', 'SPR-Republ.str.Čsl. M.Sládka', 'Křesť.demokr.unie-Čs.str.lid.', 'Česká strana národně sociální', 'REALISTÉ', 'SPORTOVCI', 'Dělnic.str.sociální spravedl.', 'Svob.a př.dem.-T.Okamura (SPD)', 'Strana Práv Občanů']"
562513,215,128,Hřensko,128,"['Občanská demokratická strana', 'Řád národa - Vlastenecká unie', 'CESTA ODPOVĚDNÉ SPOLEČNOSTI', 'Česká str.sociálně demokrat.', 'STAROSTOVÉ A NEZÁVISLÍ', 'Komunistická str.Čech a Moravy', 'Strana zelených', 'ROZUMNÍ-stop migraci,diktát.EU', 'Strana svobodných občanů', 'Blok proti islam.-Obran.domova', 'Občanská demokratická aliance', 'Česká pirátská strana', 'Referendum o Evropské unii', 'TOP 09', 'ANO 2011', 'Dobrá volba 2016', 'SPR-Republ.str.Čsl. M.Sládka', 'Křesť.demokr.unie-Čs.str.lid.', 'Česká strana národně sociální', 'REALISTÉ', 'SPORTOVCI', 'Dělnic.str.sociální spravedl.', 'Svob.a př.dem.-T.Okamura (SPD)', 'Strana Práv Občanů']"
562521,656,350,Huntířov,353,"['Občanská demokratická strana', 'Řád národa - Vlastenecká unie', 'CESTA ODPOVĚDNÉ SPOLEČNOSTI', 'Česká str.sociálně demokrat.', 'STAROSTOVÉ A NEZÁVISLÍ', 'Komunistická str.Čech a Moravy', 'Strana zelených', 'ROZUMNÍ-stop migraci,diktát.EU', 'Strana svobodných občanů', 'Blok proti islam.-Obran.domova', 'Občanská demokratická aliance', 'Česká pirátská strana', 'Referendum o Evropské unii', 'TOP 09', 'ANO 2011', 'Dobrá volba 2016', 'SPR-Republ.str.Čsl. M.Sládka', 'Křesť.demokr.unie-Čs.str.lid.', 'Česká strana národně sociální', 'REALISTÉ', 'SPORTOVCI', 'Dělnic.str.sociální spravedl.', 'Svob.a př.dem.-T.Okamura (SPD)', 'Strana Práv Občanů']"
562530,1127,574,Chřibská,582,"['Občanská demokratická strana', 'Řád národa - Vlastenecká unie', 'CESTA ODPOVĚDNÉ SPOLEČNOSTI', 'Česká str.sociálně demokrat.', 'STAROSTOVÉ A NEZÁVISLÍ', 'Komunistická str.Čech a Moravy', 'Strana zelených', 'ROZUMNÍ-stop migraci,diktát.EU', 'Strana svobodných občanů', 'Blok proti islam.-Obran.domova', 'Občanská demokratická aliance', 'Česká pirátská strana', 'Referendum o Evropské unii', 'TOP 09', 'ANO 2011', 'Dobrá volba 2016', 'SPR-Republ.str.Čsl. M.Sládka', 'Křesť.demokr.unie-Čs.str.lid.', 'Česká strana národně sociální', 'REALISTÉ', 'SPORTOVCI', 'Dělnic.str.sociální spravedl.', 'Svob.a př.dem.-T.Okamura (SPD)', 'Strana Práv Občanů']"
544680,320,220,Janov,221,"['Občanská demokratická strana', 'Řád národa - Vlastenecká unie', 'CESTA ODPOVĚDNÉ SPOLEČNOSTI', 'Česká str.sociálně demokrat.', 'STAROSTOVÉ A NEZÁVISLÍ', 'Komunistická str.Čech a Moravy', 'Strana zelených', 'ROZUMNÍ-stop migraci,diktát.EU', 'Strana svobodných občanů', 'Blok proti islam.-Obran.domova', 'Občanská demokratická aliance', 'Česká pirátská strana', 'Referendum o Evropské unii', 'TOP 09', 'ANO 2011', 'Dobrá volba 2016', 'SPR-Republ.str.Čsl. M.Sládka', 'Křesť.demokr.unie-Čs.str.lid.', 'Česká strana národně sociální', 'REALISTÉ', 'SPORTOVCI', 'Dělnic.str.sociální spravedl.', 'Svob.a př.dem.-T.Okamura (SPD)', 'Strana Práv Občanů']"
530395,174,89,Janská,90,"['Občanská demokratická strana', 'Řád národa - Vlastenecká unie', 'CESTA ODPOVĚDNÉ SPOLEČNOSTI', 'Česká str.sociálně demokrat.', 'STAROSTOVÉ A NEZÁVISLÍ', 'Komunistická str.Čech a Moravy', 'Strana zelených', 'ROZUMNÍ-stop migraci,diktát.EU', 'Strana svobodných občanů', 'Blok proti islam.-Obran.domova', 'Občanská demokratická aliance', 'Česká pirátská strana', 'Referendum o Evropské unii', 'TOP 09', 'ANO 2011', 'Dobrá volba 2016', 'SPR-Republ.str.Čsl. M.Sládka', 'Křesť.demokr.unie-Čs.str.lid.', 'Česká strana národně sociální', 'REALISTÉ', 'SPORTOVCI', 'Dělnic.str.sociální spravedl.', 'Svob.a př.dem.-T.Okamura (SPD)', 'Strana Práv Občanů']"
562556,398,276,Jetřichovice,277,"['Občanská demokratická strana', 'Řád národa - Vlastenecká unie', 'CESTA ODPOVĚDNÉ SPOLEČNOSTI', 'Česká str.sociálně demokrat.', 'STAROSTOVÉ A NEZÁVISLÍ', 'Komunistická str.Čech a Moravy', 'Strana zelených', 'ROZUMNÍ-stop migraci,diktát.EU', 'Strana svobodných občanů', 'Blok proti islam.-Obran.domova', 'Občanská demokratická aliance', 'Česká pirátská strana', 'Referendum o Evropské unii', 'TOP 09', 'ANO 2011', 'Dobrá volba 2016', 'SPR-Republ.str.Čsl. M.Sládka', 'Křesť.demokr.unie-Čs.str.lid.', 'Česká strana národně sociální', 'REALISTÉ', 'SPORTOVCI', 'Dělnic.str.sociální spravedl.', 'Svob.a př.dem.-T.Okamura (SPD)', 'Strana Práv Občanů']"
562564,4199,2342,Jílové,2352,"['Občanská demokratická strana', 'Řád národa - Vlastenecká unie', 'CESTA ODPOVĚDNÉ SPOLEČNOSTI', 'Česká str.sociálně demokrat.', 'STAROSTOVÉ A NEZÁVISLÍ', 'Komunistická str.Čech a Moravy', 'Strana zelených', 'ROZUMNÍ-stop migraci,diktát.EU', 'Strana svobodných občanů', 'Blok proti islam.-Obran.domova', 'Občanská demokratická aliance', 'Česká pirátská strana', 'Referendum o Evropské unii', 'TOP 09', 'ANO 2011', 'Dobrá volba 2016', 'SPR-Republ.str.Čsl. M.Sládka', 'Křesť.demokr.unie-Čs.str.lid.', 'Česká strana národně sociální', 'REALISTÉ', 'SPORTOVCI', 'Dělnic.str.sociální spravedl.', 'Svob.a př.dem.-T.Okamura (SPD)', 'Strana Práv Občanů']"
562572,527,358,Jiřetín pod Jedlovou,358,"['Občanská demokratická strana', 'Řád národa - Vlastenecká unie', 'CESTA ODPOVĚDNÉ SPOLEČNOSTI', 'Česká str.sociálně demokrat.', 'STAROSTOVÉ A NEZÁVISLÍ', 'Komunistická str.Čech a Moravy', 'Strana zelených', 'ROZUMNÍ-stop migraci,diktát.EU', 'Strana svobodných občanů', 'Blok proti islam.-Obran.domova', 'Občanská demokratická aliance', 'Česká pirátská strana', 'Referendum o Evropské unii', 'TOP 09', 'ANO 2011', 'Dobrá volba 2016', 'SPR-Republ.str.Čsl. M.Sládka', 'Křesť.demokr.unie-Čs.str.lid.', 'Česká strana národně sociální', 'REALISTÉ', 'SPORTOVCI', 'Dělnic.str.sociální spravedl.', 'Svob.a př.dem.-T.Okamura (SPD)', 'Strana Práv Občanů']"
562581,2868,1403,Jiříkov,1414,"['Občanská demokratická strana', 'Řád národa - Vlastenecká unie', 'CESTA ODPOVĚDNÉ SPOLEČNOSTI', 'Česká str.sociálně demokrat.', 'STAROSTOVÉ A NEZÁVISLÍ', 'Komunistická str.Čech a Moravy', 'Strana zelených', 'ROZUMNÍ-stop migraci,diktát.EU', 'Strana svobodných občanů', 'Blok proti islam.-Obran.domova', 'Občanská demokratická aliance', 'Česká pirátská strana', 'Referendum o Evropské unii', 'TOP 09', 'ANO 2011', 'Dobrá volba 2016', 'SPR-Republ.str.Čsl. M.Sládka', 'Křesť.demokr.unie-Čs.str.lid.', 'Česká strana národně sociální', 'REALISTÉ', 'SPORTOVCI', 'Dělnic.str.sociální spravedl.', 'Svob.a př.dem.-T.Okamura (SPD)', 'Strana Práv Občanů']"
546453,182,115,Kámen,115,"['Občanská demokratická strana', 'Řád národa - Vlastenecká unie', 'CESTA ODPOVĚDNÉ SPOLEČNOSTI', 'Česká str.sociálně demokrat.', 'STAROSTOVÉ A NEZÁVISLÍ', 'Komunistická str.Čech a Moravy', 'Strana zelených', 'ROZUMNÍ-stop migraci,diktát.EU', 'Strana svobodných občanů', 'Blok proti islam.-Obran.domova', 'Občanská demokratická aliance', 'Česká pirátská strana', 'Referendum o Evropské unii', 'TOP 09', 'ANO 2011', 'Dobrá volba 2016', 'SPR-Republ.str.Čsl. M.Sládka', 'Křesť.demokr.unie-Čs.str.lid.', 'Česká strana národně sociální', 'REALISTÉ', 'SPORTOVCI', 'Dělnic.str.sociální spravedl.', 'Svob.a př.dem.-T.Okamura (SPD)', 'Strana Práv Občanů']"
562611,2861,1320,Krásná Lípa,1329,"['Občanská demokratická strana', 'Řád národa - Vlastenecká unie', 'CESTA ODPOVĚDNÉ SPOLEČNOSTI', 'Česká str.sociálně demokrat.', 'STAROSTOVÉ A NEZÁVISLÍ', 'Komunistická str.Čech a Moravy', 'Strana zelených', 'ROZUMNÍ-stop migraci,diktát.EU', 'Strana svobodných občanů', 'Blok proti islam.-Obran.domova', 'Občanská demokratická aliance', 'Česká pirátská strana', 'Referendum o Evropské unii', 'TOP 09', 'ANO 2011', 'Dobrá volba 2016', 'SPR-Republ.str.Čsl. M.Sládka', 'Křesť.demokr.unie-Čs.str.lid.', 'Česká strana národně sociální', 'REALISTÉ', 'SPORTOVCI', 'Dělnic.str.sociální spravedl.', 'Svob.a př.dem.-T.Okamura (SPD)', 'Strana Práv Občanů']"
546330,198,121,Kunratice,121,"['Občanská demokratická strana', 'Řád národa - Vlastenecká unie', 'CESTA ODPOVĚDNÉ SPOLEČNOSTI', 'Česká str.sociálně demokrat.', 'STAROSTOVÉ A NEZÁVISLÍ', 'Komunistická str.Čech a Moravy', 'Strana zelených', 'ROZUMNÍ-stop migraci,diktát.EU', 'Strana svobodných občanů', 'Blok proti islam.-Obran.domova', 'Občanská demokratická aliance', 'Česká pirátská strana', 'Referendum o Evropské unii', 'TOP 09', 'ANO 2011', 'Dobrá volba 2016', 'SPR-Republ.str.Čsl. M.Sládka', 'Křesť.demokr.unie-Čs.str.lid.', 'Česká strana národně sociální', 'REALISTÉ', 'SPORTOVCI', 'Dělnic.str.sociální spravedl.', 'Svob.a př.dem.-T.Okamura (SPD)', 'Strana Práv Občanů']"
562645,428,243,Kytlice,244,"['Občanská demokratická strana', 'Řád národa - Vlastenecká unie', 'CESTA ODPOVĚDNÉ SPOLEČNOSTI', 'Česká str.sociálně demokrat.', 'STAROSTOVÉ A NEZÁVISLÍ', 'Komunistická str.Čech a Moravy', 'Strana zelených', 'ROZUMNÍ-stop migraci,diktát.EU', 'Strana svobodných občanů', 'Blok proti islam.-Obran.domova', 'Občanská demokratická aliance', 'Česká pirátská strana', 'Referendum o Evropské unii', 'TOP 09', 'ANO 2011', 'Dobrá volba 2016', 'SPR-Republ.str.Čsl. M.Sládka', 'Křesť.demokr.unie-Čs.str.lid.', 'Česká strana národně sociální', 'REALISTÉ', 'SPORTOVCI', 'Dělnic.str.sociální spravedl.', 'Svob.a př.dem.-T.Okamura (SPD)', 'Strana Práv Občanů']"
544701,190,125,Labská Stráň,126,"['Občanská demokratická strana', 'Řád národa - Vlastenecká unie', 'CESTA ODPOVĚDNÉ SPOLEČNOSTI', 'Česká str.sociálně demokrat.', 'STAROSTOVÉ A NEZÁVISLÍ', 'Komunistická str.Čech a Moravy', 'Strana zelených', 'ROZUMNÍ-stop migraci,diktát.EU', 'Strana svobodných občanů', 'Blok proti islam.-Obran.domova', 'Občanská demokratická aliance', 'Česká pirátská strana', 'Referendum o Evropské unii', 'TOP 09', 'ANO 2011', 'Dobrá volba 2016', 'SPR-Republ.str.Čsl. M.Sládka', 'Křesť.demokr.unie-Čs.str.lid.', 'Česká strana národně sociální', 'REALISTÉ', 'SPORTOVCI', 'Dělnic.str.sociální spravedl.', 'Svob.a př.dem.-T.Okamura (SPD)', 'Strana Práv Občanů']"
562661,493,245,Lipová,250,"['Občanská demokratická strana', 'Řád národa - Vlastenecká unie', 'CESTA ODPOVĚDNÉ SPOLEČNOSTI', 'Česká str.sociálně demokrat.', 'STAROSTOVÉ A NEZÁVISLÍ', 'Komunistická str.Čech a Moravy', 'Strana zelených', 'ROZUMNÍ-stop migraci,diktát.EU', 'Strana svobodných občanů', 'Blok proti islam.-Obran.domova', 'Občanská demokratická aliance', 'Česká pirátská strana', 'Referendum o Evropské unii', 'TOP 09', 'ANO 2011', 'Dobrá volba 2016', 'SPR-Republ.str.Čsl. M.Sládka', 'Křesť.demokr.unie-Čs.str.lid.', 'Česká strana národně sociální', 'REALISTÉ', 'SPORTOVCI', 'Dělnic.str.sociální spravedl.', 'Svob.a př.dem.-T.Okamura (SPD)', 'Strana Práv Občanů']"
545708,245,106,Lobendava,106,"['Občanská demokratická strana', 'Řád národa - Vlastenecká unie', 'CESTA ODPOVĚDNÉ SPOLEČNOSTI', 'Česká str.sociálně demokrat.', 'STAROSTOVÉ A NEZÁVISLÍ', 'Komunistická str.Čech a Moravy', 'Strana zelených', 'ROZUMNÍ-stop migraci,diktát.EU', 'Strana svobodných občanů', 'Blok proti islam.-Obran.domova', 'Občanská demokratická aliance', 'Česká pirátská strana', 'Referendum o Evropské unii', 'TOP 09', 'ANO 2011', 'Dobrá volba 2016', 'SPR-Republ.str.Čsl. M.Sládka', 'Křesť.demokr.unie-Čs.str.lid.', 'Česká strana národně sociální', 'REALISTÉ', 'SPORTOVCI', 'Dělnic.str.sociální spravedl.', 'Svob.a př.dem.-T.Okamura (SPD)', 'Strana Práv Občanů']"
546496,721,458,Ludvíkovice,458,"['Občanská demokratická strana', 'Řád národa - Vlastenecká unie', 'CESTA ODPOVĚDNÉ SPOLEČNOSTI', 'Česká str.sociálně demokrat.', 'STAROSTOVÉ A NEZÁVISLÍ', 'Komunistická str.Čech a Moravy', 'Strana zelených', 'ROZUMNÍ-stop migraci,diktát.EU', 'Strana svobodných občanů', 'Blok proti islam.-Obran.domova', 'Občanská demokratická aliance', 'Česká pirátská strana', 'Referendum o Evropské unii', 'TOP 09', 'ANO 2011', 'Dobrá volba 2016', 'SPR-Republ.str.Čsl. M.Sládka', 'Křesť.demokr.unie-Čs.str.lid.', 'Česká strana národně sociální', 'REALISTÉ', 'SPORTOVCI', 'Dělnic.str.sociální spravedl.', 'Svob.a př.dem.-T.Okamura (SPD)', 'Strana Práv Občanů']"
562700,372,210,Malá Veleň,212,"['Občanská demokratická strana', 'Řád národa - Vlastenecká unie', 'CESTA ODPOVĚDNÉ SPOLEČNOSTI', 'Česká str.sociálně demokrat.', 'STAROSTOVÉ A NEZÁVISLÍ', 'Komunistická str.Čech a Moravy', 'Strana zelených', 'ROZUMNÍ-stop migraci,diktát.EU', 'Strana svobodných občanů', 'Blok proti islam.-Obran.domova', 'Občanská demokratická aliance', 'Česká pirátská strana', 'Referendum o Evropské unii', 'TOP 09', 'ANO 2011', 'Dobrá volba 2016', 'SPR-Republ.str.Čsl. M.Sládka', 'Křesť.demokr.unie-Čs.str.lid.', 'Česká strana národně sociální', 'REALISTÉ', 'SPORTOVCI', 'Dělnic.str.sociální spravedl.', 'Svob.a př.dem.-T.Okamura (SPD)', 'Strana Práv Občanů']"
562718,693,459,Malšovice,461,"['Občanská demokratická strana', 'Řád národa - Vlastenecká unie', 'CESTA ODPOVĚDNÉ SPOLEČNOSTI', 'Česká str.sociálně demokrat.', 'STAROSTOVÉ A NEZÁVISLÍ', 'Komunistická str.Čech a Moravy', 'Strana zelených', 'ROZUMNÍ-stop migraci,diktát.EU', 'Strana svobodných občanů', 'Blok proti islam.-Obran.domova', 'Občanská demokratická aliance', 'Česká pirátská strana', 'Referendum o Evropské unii', 'TOP 09', 'ANO 2011', 'Dobrá volba 2016', 'SPR-Republ.str.Čsl. M.Sládka', 'Křesť.demokr.unie-Čs.str.lid.', 'Česká strana národně sociální', 'REALISTÉ', 'SPORTOVCI', 'Dělnic.str.sociální spravedl.', 'Svob.a př.dem.-T.Okamura (SPD)', 'Strana Práv Občanů']"
545678,550,338,Markvartice,338,"['Občanská demokratická strana', 'Řád národa - Vlastenecká unie', 'CESTA ODPOVĚDNÉ SPOLEČNOSTI', 'Česká str.sociálně demokrat.', 'STAROSTOVÉ A NEZÁVISLÍ', 'Komunistická str.Čech a Moravy', 'Strana zelených', 'ROZUMNÍ-stop migraci,diktát.EU', 'Strana svobodných občanů', 'Blok proti islam.-Obran.domova', 'Občanská demokratická aliance', 'Česká pirátská strana', 'Referendum o Evropské unii', 'TOP 09', 'ANO 2011', 'Dobrá volba 2016', 'SPR-Republ.str.Čsl. M.Sládka', 'Křesť.demokr.unie-Čs.str.lid.', 'Česká strana národně sociální', 'REALISTÉ', 'SPORTOVCI', 'Dělnic.str.sociální spravedl.', 'Svob.a př.dem.-T.Okamura (SPD)', 'Strana Práv Občanů']"
545791,160,107,Merboltice,109,"['Občanská demokratická strana', 'Řád národa - Vlastenecká unie', 'CESTA ODPOVĚDNÉ SPOLEČNOSTI', 'Česká str.sociálně demokrat.', 'STAROSTOVÉ A NEZÁVISLÍ', 'Komunistická str.Čech a Moravy', 'Strana zelených', 'ROZUMNÍ-stop migraci,diktát.EU', 'Strana svobodných občanů', 'Blok proti islam.-Obran.domova', 'Občanská demokratická aliance', 'Česká pirátská strana', 'Referendum o Evropské unii', 'TOP 09', 'ANO 2011', 'Dobrá volba 2016', 'SPR-Republ.str.Čsl. M.Sládka', 'Křesť.demokr.unie-Čs.str.lid.', 'Česká strana národně sociální', 'REALISTÉ', 'SPORTOVCI', 'Dělnic.str.sociální spravedl.', 'Svob.a př.dem.-T.Okamura (SPD)', 'Strana Práv Občanů']"
562751,1746,796,Mikulášovice,802,"['Občanská demokratická strana', 'Řád národa - Vlastenecká unie', 'CESTA ODPOVĚDNÉ SPOLEČNOSTI', 'Česká str.sociálně demokrat.', 'STAROSTOVÉ A NEZÁVISLÍ', 'Komunistická str.Čech a Moravy', 'Strana zelených', 'ROZUMNÍ-stop migraci,diktát.EU', 'Strana svobodných občanů', 'Blok proti islam.-Obran.domova', 'Občanská demokratická aliance', 'Česká pirátská strana', 'Referendum o Evropské unii', 'TOP 09', 'ANO 2011', 'Dobrá volba 2016', 'SPR-Republ.str.Čsl. M.Sládka', 'Křesť.demokr.unie-Čs.str.lid.', 'Česká strana národně sociální', 'REALISTÉ', 'SPORTOVCI', 'Dělnic.str.sociální spravedl.', 'Svob.a př.dem.-T.Okamura (SPD)', 'Strana Práv Občanů']"
562777,8789,4611,Rumburk,4633,"['Občanská demokratická strana', 'Řád národa - Vlastenecká unie', 'CESTA ODPOVĚDNÉ SPOLEČNOSTI', 'Česká str.sociálně demokrat.', 'STAROSTOVÉ A NEZÁVISLÍ', 'Komunistická str.Čech a Moravy', 'Strana zelených', 'ROZUMNÍ-stop migraci,diktát.EU', 'Strana svobodných občanů', 'Blok proti islam.-Obran.domova', 'Občanská demokratická aliance', 'Česká pirátská strana', 'Referendum o Evropské unii', 'TOP 09', 'ANO 2011', 'Dobrá volba 2016', 'SPR-Republ.str.Čsl. M.Sládka', 'Křesť.demokr.unie-Čs.str.lid.', 'Česká strana národně sociální', 'REALISTÉ', 'SPORTOVCI', 'Dělnic.str.sociální spravedl.', 'Svob.a př.dem.-T.Okamura (SPD)', 'Strana Práv Občanů']"
566900,436,269,Růžová,271,"['Občanská demokratická strana', 'Řád národa - Vlastenecká unie', 'CESTA ODPOVĚDNÉ SPOLEČNOSTI', 'Česká str.sociálně demokrat.', 'STAROSTOVÉ A NEZÁVISLÍ', 'Komunistická str.Čech a Moravy', 'Strana zelených', 'ROZUMNÍ-stop migraci,diktát.EU', 'Strana svobodných občanů', 'Blok proti islam.-Obran.domova', 'Občanská demokratická aliance', 'Česká pirátská strana', 'Referendum o Evropské unii', 'TOP 09', 'ANO 2011', 'Dobrá volba 2016', 'SPR-Republ.str.Čsl. M.Sládka', 'Křesť.demokr.unie-Čs.str.lid.', 'Česká strana národně sociální', 'REALISTÉ', 'SPORTOVCI', 'Dělnic.str.sociální spravedl.', 'Svob.a př.dem.-T.Okamura (SPD)', 'Strana Práv Občanů']"
562793,551,309,Rybniště,311,"['Občanská demokratická strana', 'Řád národa - Vlastenecká unie', 'CESTA ODPOVĚDNÉ SPOLEČNOSTI', 'Česká str.sociálně demokrat.', 'STAROSTOVÉ A NEZÁVISLÍ', 'Komunistická str.Čech a Moravy', 'Strana zelených', 'ROZUMNÍ-stop migraci,diktát.EU', 'Strana svobodných občanů', 'Blok proti islam.-Obran.domova', 'Občanská demokratická aliance', 'Česká pirátská strana', 'Referendum o Evropské unii', 'TOP 09', 'ANO 2011', 'Dobrá volba 2016', 'SPR-Republ.str.Čsl. M.Sládka', 'Křesť.demokr.unie-Čs.str.lid.', 'Česká strana národně sociální', 'REALISTÉ', 'SPORTOVCI', 'Dělnic.str.sociální spravedl.', 'Svob.a př.dem.-T.Okamura (SPD)', 'Strana Práv Občanů']"
546348,210,153,Srbská Kamenice,155,"['Občanská demokratická strana', 'Řád národa - Vlastenecká unie', 'CESTA ODPOVĚDNÉ SPOLEČNOSTI', 'Česká str.sociálně demokrat.', 'STAROSTOVÉ A NEZÁVISLÍ', 'Komunistická str.Čech a Moravy', 'Strana zelených', 'ROZUMNÍ-stop migraci,diktát.EU', 'Strana svobodných občanů', 'Blok proti islam.-Obran.domova', 'Občanská demokratická aliance', 'Česká pirátská strana', 'Referendum o Evropské unii', 'TOP 09', 'ANO 2011', 'Dobrá volba 2016', 'SPR-Republ.str.Čsl. M.Sládka', 'Křesť.demokr.unie-Čs.str.lid.', 'Česká strana národně sociální', 'REALISTÉ', 'SPORTOVCI', 'Dělnic.str.sociální spravedl.', 'Svob.a př.dem.-T.Okamura (SPD)', 'Strana Práv Občanů']"
562823,1013,469,Staré Křečany,469,"['Občanská demokratická strana', 'Řád národa - Vlastenecká unie', 'CESTA ODPOVĚDNÉ SPOLEČNOSTI', 'Česká str.sociálně demokrat.', 'STAROSTOVÉ A NEZÁVISLÍ', 'Komunistická str.Čech a Moravy', 'Strana zelených', 'ROZUMNÍ-stop migraci,diktát.EU', 'Strana svobodných občanů', 'Blok proti islam.-Obran.domova', 'Občanská demokratická aliance', 'Česká pirátská strana', 'Referendum o Evropské unii', 'TOP 09', 'ANO 2011', 'Dobrá volba 2016', 'SPR-Republ.str.Čsl. M.Sládka', 'Křesť.demokr.unie-Čs.str.lid.', 'Česká strana národně sociální', 'REALISTÉ', 'SPORTOVCI', 'Dělnic.str.sociální spravedl.', 'Svob.a př.dem.-T.Okamura (SPD)', 'Strana Práv Občanů']"
545538,169,97,Starý Šachov,99,"['Občanská demokratická strana', 'Řád národa - Vlastenecká unie', 'CESTA ODPOVĚDNÉ SPOLEČNOSTI', 'Česká str.sociálně demokrat.', 'STAROSTOVÉ A NEZÁVISLÍ', 'Komunistická str.Čech a Moravy', 'Strana zelených', 'ROZUMNÍ-stop migraci,diktát.EU', 'Strana svobodných občanů', 'Blok proti islam.-Obran.domova', 'Občanská demokratická aliance', 'Česká pirátská strana', 'Referendum o Evropské unii', 'TOP 09', 'ANO 2011', 'Dobrá volba 2016', 'SPR-Republ.str.Čsl. M.Sládka', 'Křesť.demokr.unie-Čs.str.lid.', 'Česká strana národně sociální', 'REALISTÉ', 'SPORTOVCI', 'Dělnic.str.sociální spravedl.', 'Svob.a př.dem.-T.Okamura (SPD)', 'Strana Práv Občanů']"
562858,4303,1860,Šluknov,1864,"['Občanská demokratická strana', 'Řád národa - Vlastenecká unie', 'CESTA ODPOVĚDNÉ SPOLEČNOSTI', 'Česká str.sociálně demokrat.', 'STAROSTOVÉ A NEZÁVISLÍ', 'Komunistická str.Čech a Moravy', 'Strana zelených', 'ROZUMNÍ-stop migraci,diktát.EU', 'Strana svobodných občanů', 'Blok proti islam.-Obran.domova', 'Občanská demokratická aliance', 'Česká pirátská strana', 'Referendum o Evropské unii', 'TOP 09', 'ANO 2011', 'Dobrá volba 2016', 'SPR-Republ.str.Čsl. M.Sládka', 'Křesť.demokr.unie-Čs.str.lid.', 'Česká strana národně sociální', 'REALISTÉ', 'SPORTOVCI', 'Dělnic.str.sociální spravedl.', 'Svob.a př.dem.-T.Okamura (SPD)', 'Strana Práv Občanů']"
555193,418,230,Těchlovice,231,"['Občanská demokratická strana', 'Řád národa - Vlastenecká unie', 'CESTA ODPOVĚDNÉ SPOLEČNOSTI', 'Česká str.sociálně demokrat.', 'STAROSTOVÉ A NEZÁVISLÍ', 'Komunistická str.Čech a Moravy', 'Strana zelených', 'ROZUMNÍ-stop migraci,diktát.EU', 'Strana svobodných občanů', 'Blok proti islam.-Obran.domova', 'Občanská demokratická aliance', 'Česká pirátská strana', 'Referendum o Evropské unii', 'TOP 09', 'ANO 2011', 'Dobrá volba 2016', 'SPR-Republ.str.Čsl. M.Sládka', 'Křesť.demokr.unie-Čs.str.lid.', 'Česká strana národně sociální', 'REALISTÉ', 'SPORTOVCI', 'Dělnic.str.sociální spravedl.', 'Svob.a př.dem.-T.Okamura (SPD)', 'Strana Práv Občanů']"
562874,323,160,Valkeřice,160,"['Občanská demokratická strana', 'Řád národa - Vlastenecká unie', 'CESTA ODPOVĚDNÉ SPOLEČNOSTI', 'Česká str.sociálně demokrat.', 'STAROSTOVÉ A NEZÁVISLÍ', 'Komunistická str.Čech a Moravy', 'Strana zelených', 'ROZUMNÍ-stop migraci,diktát.EU', 'Strana svobodných občanů', 'Blok proti islam.-Obran.domova', 'Občanská demokratická aliance', 'Česká pirátská strana', 'Referendum o Evropské unii', 'TOP 09', 'ANO 2011', 'Dobrá volba 2016', 'SPR-Republ.str.Čsl. M.Sládka', 'Křesť.demokr.unie-Čs.str.lid.', 'Česká strana národně sociální', 'REALISTÉ', 'SPORTOVCI', 'Dělnic.str.sociální spravedl.', 'Svob.a př.dem.-T.Okamura (SPD)', 'Strana Práv Občanů']"
562882,12315,6272,Varnsdorf,6310,"['Občanská demokratická strana', 'Řád národa - Vlastenecká unie', 'CESTA ODPOVĚDNÉ SPOLEČNOSTI', 'Česká str.sociálně demokrat.', 'STAROSTOVÉ A NEZÁVISLÍ', 'Komunistická str.Čech a Moravy', 'Strana zelených', 'ROZUMNÍ-stop migraci,diktát.EU', 'Strana svobodných občanů', 'Blok proti islam.-Obran.domova', 'Občanská demokratická aliance', 'Česká pirátská strana', 'Referendum o Evropské unii', 'TOP 09', 'ANO 2011', 'Dobrá volba 2016', 'SPR-Republ.str.Čsl. M.Sládka', 'Křesť.demokr.unie-Čs.str.lid.', 'Česká strana národně sociální', 'REALISTÉ', 'SPORTOVCI', 'Dělnic.str.sociální spravedl.', 'Svob.a př.dem.-T.Okamura (SPD)', 'Strana Práv Občanů']"
562891,397,212,Velká Bukovina,214,"['Občanská demokratická strana', 'Řád národa - Vlastenecká unie', 'CESTA ODPOVĚDNÉ SPOLEČNOSTI', 'Česká str.sociálně demokrat.', 'STAROSTOVÉ A NEZÁVISLÍ', 'Komunistická str.Čech a Moravy', 'Strana zelených', 'ROZUMNÍ-stop migraci,diktát.EU', 'Strana svobodných občanů', 'Blok proti islam.-Obran.domova', 'Občanská demokratická aliance', 'Česká pirátská strana', 'Referendum o Evropské unii', 'TOP 09', 'ANO 2011', 'Dobrá volba 2016', 'SPR-Republ.str.Čsl. M.Sládka', 'Křesť.demokr.unie-Čs.str.lid.', 'Česká strana národně sociální', 'REALISTÉ', 'SPORTOVCI', 'Dělnic.str.sociální spravedl.', 'Svob.a př.dem.-T.Okamura (SPD)', 'Strana Práv Občanů']"
562912,1591,741,Velký Šenov,745,"['Občanská demokratická strana', 'Řád národa - Vlastenecká unie', 'CESTA ODPOVĚDNÉ SPOLEČNOSTI', 'Česká str.sociálně demokrat.', 'STAROSTOVÉ A NEZÁVISLÍ', 'Komunistická str.Čech a Moravy', 'Strana zelených', 'ROZUMNÍ-stop migraci,diktát.EU', 'Strana svobodných občanů', 'Blok proti islam.-Obran.domova', 'Občanská demokratická aliance', 'Česká pirátská strana', 'Referendum o Evropské unii', 'TOP 09', 'ANO 2011', 'Dobrá volba 2016', 'SPR-Republ.str.Čsl. M.Sládka', 'Křesť.demokr.unie-Čs.str.lid.', 'Česká strana národně sociální', 'REALISTÉ', 'SPORTOVCI', 'Dělnic.str.sociální spravedl.', 'Svob.a př.dem.-T.Okamura (SPD)', 'Strana Práv Občanů']"
562921,908,429,Verneřice,430,"['Občanská demokratická strana', 'Řád národa - Vlastenecká unie', 'CESTA ODPOVĚDNÉ SPOLEČNOSTI', 'Česká str.sociálně demokrat.', 'STAROSTOVÉ A NEZÁVISLÍ', 'Komunistická str.Čech a Moravy', 'Strana zelených', 'ROZUMNÍ-stop migraci,diktát.EU', 'Strana svobodných občanů', 'Blok proti islam.-Obran.domova', 'Občanská demokratická aliance', 'Česká pirátská strana', 'Referendum o Evropské unii', 'TOP 09', 'ANO 2011', 'Dobrá volba 2016', 'SPR-Republ.str.Čsl. M.Sládka', 'Křesť.demokr.unie-Čs.str.lid.', 'Česká strana národně sociální', 'REALISTÉ', 'SPORTOVCI', 'Dělnic.str.sociální spravedl.', 'Svob.a př.dem.-T.Okamura (SPD)', 'Strana Práv Občanů']"
562939,287,170,Veselé,170,"['Občanská demokratická strana', 'Řád národa - Vlastenecká unie', 'CESTA ODPOVĚDNÉ SPOLEČNOSTI', 'Česká str.sociálně demokrat.', 'STAROSTOVÉ A NEZÁVISLÍ', 'Komunistická str.Čech a Moravy', 'Strana zelených', 'ROZUMNÍ-stop migraci,diktát.EU', 'Strana svobodných občanů', 'Blok proti islam.-Obran.domova', 'Občanská demokratická aliance', 'Česká pirátská strana', 'Referendum o Evropské unii', 'TOP 09', 'ANO 2011', 'Dobrá volba 2016', 'SPR-Republ.str.Čsl. M.Sládka', 'Křesť.demokr.unie-Čs.str.lid.', 'Česká strana národně sociální', 'REALISTÉ', 'SPORTOVCI', 'Dělnic.str.sociální spravedl.', 'Svob.a př.dem.-T.Okamura (SPD)', 'Strana Práv Občanů']"
562947,771,372,Vilémov,374,"['Občanská demokratická strana', 'Řád národa - Vlastenecká unie', 'CESTA ODPOVĚDNÉ SPOLEČNOSTI', 'Česká str.sociálně demokrat.', 'STAROSTOVÉ A NEZÁVISLÍ', 'Komunistická str.Čech a Moravy', 'Strana zelených', 'ROZUMNÍ-stop migraci,diktát.EU', 'Strana svobodných občanů', 'Blok proti islam.-Obran.domova', 'Občanská demokratická aliance', 'Česká pirátská strana', 'Referendum o Evropské unii', 'TOP 09', 'ANO 2011', 'Dobrá volba 2016', 'SPR-Republ.str.Čsl. M.Sládka', 'Křesť.demokr.unie-Čs.str.lid.', 'Česká strana národně sociální', 'REALISTÉ', 'SPORTOVCI', 'Dělnic.str.sociální spravedl.', 'Svob.a př.dem.-T.Okamura (SPD)', 'Strana Práv Občanů']"
